0.1874,0.2088,0.2361,0.2417,0.2225,0.0973,0.0771,0.0656,0.0907,0.1352,0.236,0.2561,0.2701,0.2822,0.2779,0.2896,0.2975,0.3214,0.3287,0.3284,37.4429168701172,2.85666751861572,3.23759508132935,2.147073954,5.931608181,0.414806397
0.3043,0.3131,0.3417,0.35,0.3265,0.1758,0.1311,0.1925,0.2626,0.342,0.4329,0.431,0.426,0.4279,0.4124,0.4277,0.4392,0.456,0.4613,0.4622,41.1166915893555,2.99192953109741,3.54886507987976,2.511852066,7.663832081,0.93136506
0.4713,0.543,0.6276,0.6472,0.6563,0.564,0.5538,0.5157,0.4365,0.3067,0.2609,0.2253,0.1896,0.1554,0.1172,0.1013,0.0844,0.0882,0.0902,0.0912,34.9410743713379,3.39178442955017,5.26252794265747,0.433588529,6.694171707,3.98838382
0.2417,0.2645,0.3137,0.3271,0.3181,0.2455,0.2258,0.2818,0.2794,0.2182,0.2263,0.2152,0.2038,0.2102,0.2247,0.2525,0.2808,0.3326,0.3468,0.3409,35.6329116821289,2.97437143325806,3.92949771881104,1.000685888,6.533664024,3.007097325
0.5425,0.607,0.6767,0.6782,0.6494,0.4542,0.3969,0.4473,0.4783,0.5485,0.6323,0.6181,0.5979,0.5843,0.5479,0.5594,0.5644,0.5622,0.5625,0.5662,45.1587066650391,3.40530323982239,4.69532537460327,1.717979136,10.71271634,5.132780413
0.2045,0.2304,0.2686,0.2778,0.256,0.119,0.0854,0.1124,0.1832,0.2978,0.4257,0.4362,0.44,0.4471,0.4418,0.4727,0.5092,0.5601,0.5742,0.5715,41.5335121154785,2.90122580528259,3.31933069229126,2.522574047,7.171928196,0.470956431
0.3706,0.3966,0.4197,0.4167,0.3817,0.1911,0.1416,0.17,0.2385,0.36,0.491,0.4993,0.5003,0.5081,0.501,0.5327,0.5637,0.6011,0.6118,0.6105,43.0079574584961,3.06786775588989,3.57356786727905,3.100887249,7.443060234,0.429299342
0.2335,0.2757,0.328,0.3356,0.307,0.1497,0.1094,0.1435,0.2144,0.3288,0.4544,0.463,0.4654,0.466,0.4397,0.4469,0.4509,0.4592,0.4624,0.4651,42.1181793212891,2.96955895423889,3.4315197467804,3.04004505,8.139793285,0.727011068
0.4676,0.5175,0.5537,0.5484,0.519,0.3278,0.2679,0.3415,0.3812,0.3905,0.4216,0.3988,0.3721,0.3489,0.3244,0.3388,0.3609,0.4043,0.4167,0.4147,39.5158271789551,3.23938918113708,4.15673732757568,1.283874436,4.305941135,0.40666506
0.1982,0.2336,0.2818,0.2917,0.2672,0.129,0.0988,0.1129,0.175,0.3099,0.4663,0.4884,0.5036,0.5189,0.5035,0.5216,0.5418,0.5667,0.5743,0.5757,43.2164268493652,2.91688799858093,3.3625693321228,4.549758227,12.84722931,1.927729441
0.517,0.4674,0.4585,0.4342,0.3949,0.306,0.2579,0.4403,0.4995,0.5116,0.5437,0.5021,0.4939,0.5455,0.5475,0.5471,0.4537,0.2881,0.2444,0.2579,43.3061485290527,3.09488558769226,4.19150352478027,0.35,3.07,1.28
0.1906,0.2154,0.2785,0.3008,0.2784,0.1191,0.0873,0.0754,0.1276,0.258,0.4185,0.4475,0.4708,0.5009,0.5041,0.533,0.5589,0.5892,0.5981,0.5986,42.5398292541504,2.92946529388428,3.29469013214111,4.047508533,11.00537197,1.12093609
0.1904,0.2174,0.2478,0.2459,0.2229,0.0841,0.0605,0.0462,0.0798,0.1658,0.3086,0.3496,0.397,0.4777,0.5294,0.5772,0.5723,0.5279,0.5158,0.5144,41.1948928833008,2.86059975624084,3.16900134086609,0.86,6.17,2.97
0.6402,0.6375,0.672,0.6725,0.6367,0.4922,0.4088,0.6582,0.7722,0.8865,0.954,0.8401,0.7671,0.7925,0.752,0.7518,0.7247,0.6472,0.6272,0.6365,49.8270492553711,3.40124917030334,4.92817354202271,0.68,6.87,3.69
0.0862,0.106,0.1562,0.1778,0.1662,0.0618,0.0435,0.0453,0.0998,0.2021,0.3376,0.3613,0.3802,0.4034,0.4079,0.4348,0.4615,0.4998,0.5107,0.509,40.2399406433105,2.78104734420776,3.10584187507629,3.090007864,8.619916912,1.087767598
0.3607,0.4148,0.4857,0.4971,0.4605,0.2326,0.1838,0.1612,0.1893,0.2784,0.4065,0.4243,0.435,0.4291,0.3672,0.3267,0.276,0.2198,0.2062,0.2173,41.3953437805176,3.16857123374939,3.71090412139893,2.927410648,8.950530077,1.397809465
0.3615,0.4269,0.4453,0.4272,0.4025,0.2562,0.2124,0.2777,0.3067,0.2922,0.3171,0.2994,0.2789,0.2629,0.236,0.2295,0.2157,0.2142,0.2148,0.2174,37.3034133911133,3.08835339546204,3.8972156047821,1.815037447,4.947881314,0.510442859
0.5425,0.607,0.6767,0.6782,0.6494,0.4542,0.3969,0.4473,0.4783,0.5485,0.6323,0.6181,0.5979,0.5843,0.5479,0.5594,0.5644,0.5622,0.5625,0.5662,45.1587066650391,3.40530323982239,4.69532537460327,1.321635002,10.71271634,5.071154556
0.0853,0.111,0.1614,0.1809,0.1693,0.0588,0.0447,0.0227,0.0443,0.0819,0.1835,0.21,0.2332,0.2629,0.2776,0.2971,0.313,0.3455,0.3548,0.3519,36.689640045166,2.78461933135986,3.08569860458374,3.034959202,8.192649939,0.868667627
0.1421,0.1613,0.1831,0.1842,0.1701,0.1,0.0763,0.1537,0.2196,0.2645,0.3318,0.3268,0.3189,0.3078,0.2777,0.2711,0.259,0.2574,0.2581,0.261,38.3850898742676,2.78854131698608,3.309809923,1.572107316,5.351860623,0.603992701
0.2879,0.3189,0.3421,0.3395,0.3102,0.1516,0.1091,0.1505,0.2254,0.3405,0.4634,0.4713,0.4745,0.4833,0.4775,0.5091,0.544,0.5884,0.6009,0.5986,42.3898773193359,2.97384095191956,3.43783402442932,3.844010774,8.927247904,0.483826941
0.5705,0.642,0.6946,0.683,0.631,0.3361,0.2654,0.2499,0.2866,0.3958,0.5224,0.5286,0.5262,0.5277,0.5119,0.538,0.5672,0.603,0.6132,0.6126,43.5727920532227,3.39305686950684,4.08512449264526,2.680855735,6.816770015,0.593147694
0.5425,0.607,0.6767,0.6782,0.6494,0.4542,0.3969,0.4473,0.4783,0.5485,0.6323,0.6181,0.5979,0.5843,0.5479,0.5594,0.5644,0.5622,0.5625,0.5662,45.1587066650391,3.40530323982239,3.94137721061707,0.84,7.64,4.07
0.2719,0.2898,0.323,0.3263,0.3005,0.1716,0.1284,0.2106,0.2989,0.4186,0.5372,0.5381,0.5331,0.5282,0.4956,0.5046,0.5097,0.514,0.5162,0.52,43.7154121398926,2.96117782592773,3.55707240104675,2.002789822,6.502339802,0.925214603
0.479,0.456,0.4852,0.4824,0.4462,0.3316,0.2706,0.4703,0.5586,0.6194,0.6685,0.5438,0.4994,0.6356,0.6881,0.6987,0.6654,0.5788,0.556,0.5632,44.3247413635254,3.15874481201172,4.27241230010986,0.9,8.54,4.29
0.2748,0.3165,0.3385,0.3311,0.311,0.2207,0.1673,0.3471,0.4731,0.6059,0.7082,0.6951,0.681,0.6885,0.6891,0.748,0.789,0.8057,0.8098,0.805,47.3693771362305,2.97384023666382,3.81130409240723,2.66,8.4,1.14
0.222,0.2234,0.2243,0.2213,0.2024,0.1152,0.0757,0.1993,0.3107,0.4223,0.519,0.5093,0.4959,0.4962,0.4972,0.5457,0.6024,0.672,0.6911,0.6859,42.7702522277832,2.83311033248901,3.35936522483826,3.41967171,9.051135056,0.596221177
0.2393,0.2653,0.3043,0.3114,0.2888,0.1452,0.111,0.1344,0.1825,0.2491,0.3471,0.3549,0.3588,0.3497,0.2874,0.2354,0.1639,0.087,0.0682,0.0818,39.4575958251953,2.94317102432251,3.42458415031433,2.761638091,8.1858307,0.90271607
0.3959,0.478,0.5183,0.5056,0.4652,0.2403,0.1873,0.1881,0.2269,0.3213,0.4472,0.4628,0.4708,0.4771,0.4481,0.4455,0.4313,0.4126,0.4087,0.4143,42.3082542419434,3.17627906799316,3.74797892570496,2.531971203,6.464235205,0.469235628
0.1454,0.1796,0.2036,0.205,0.1878,0.0897,0.066,0.1063,0.1685,0.2386,0.3322,0.3358,0.3336,0.3288,0.3144,0.3322,0.3566,0.3979,0.4094,0.4058,38.8087844848633,2.81175923347473,3.23521614074707,2.799865213,7.139048504,0.482313331
0.6186,0.6976,0.73,0.7088,0.6582,0.3802,0.2968,0.3588,0.4324,0.5556,0.6666,0.6559,0.636,0.6207,0.5905,0.6206,0.6515,0.6825,0.6916,0.6928,46.0934562683105,3.42742967605591,4.29339075088501,1.985331255,5.607777861,0.363060735
0.2685,0.2731,0.2603,0.2447,0.2248,0.1644,0.1193,0.3098,0.4188,0.4761,0.5247,0.4996,0.4713,0.4428,0.3904,0.3772,0.3551,0.332,0.327,0.3333,41.9302978515625,2.86308574676514,3.60150504112244,2.292092886,6.278653554,0.573246011
0.3957,0.4362,0.491,0.4991,0.4991,0.4232,0.4037,0.4436,0.399,0.2789,0.2414,0.2129,0.1868,0.1749,0.1725,0.1897,0.2127,0.2628,0.2765,0.2704,35.0476150512695,3.19840979576111,4.68256998062134,0.745782613,4.63914849,2.056346501
0.0145,0.0292,0.0504,0.0618,0.0628,0.0297,0.0278,0.0597,0.0757,0.0184,0.0334,0.0346,0.0337,0.0238,0.0111,0.0059,0.011,0.0512,0.0627,0.0584,31.4144802093506,2.6430811882019,3.04274344444275,1.621804058,4.841854683,0.43450107
0.1742,0.1724,0.1846,0.1897,0.1759,0.095,0.0649,0.1542,0.2345,0.2942,0.365,0.3584,0.3493,0.3409,0.3242,0.3401,0.3556,0.385,0.3936,0.3926,39.1406631469727,2.79586625099182,3.27636957168579,2.752974077,7.505863636,0.682049716
0.008,0.021,0.0348,0.0377,0.0343,0.011,0.0093,0.0606,0.0773,0,0,0,0,0,0.0072,0.0168,0.0357,0.0936,0.1095,0.102,30.6508560180664,2.60960984230042,2.97591543197632,1.869633216,5.188446714,0.352031886
0.2475,0.2941,0.3432,0.3497,0.3211,0.1624,0.1232,0.1516,0.2217,0.3622,0.515,0.5328,0.5433,0.5415,0.4912,0.4776,0.4561,0.4256,0.4188,0.4273,44.0743522644043,2.98769497871399,3.48517918586731,3.092503822,9.467910594,1.321078348
0.6231,0.64,0.59,0.5461,0.5054,0.3375,0.2514,0.4771,0.6081,0.7082,0.7626,0.7194,0.6705,0.6258,0.5748,0.5972,0.6217,0.646,0.6534,0.6549,46.6061172485352,3.23114132881165,4.23198270797729,1.709590218,4.292797517,0.30034684
0.1458,0.1569,0.1853,0.1979,0.1852,0.0855,0.0632,0.0906,0.1503,0.2429,0.3635,0.379,0.3899,0.3899,0.3416,0.3106,0.2682,0.2228,0.2123,0.2225,40.3133430480957,2.80636262893677,3.21356415748596,2.9161422,8.30833246,0.936989457
0.1343,0.193,0.25,0.2614,0.2426,0.103,0.0839,0.0511,0.0559,0.0646,0.1451,0.1656,0.1805,0.1885,0.1689,0.1502,0.1235,0.1091,0.1062,0.1093,35.2115821838379,2.88097786903381,3.24514222145081,4.256353103,10.48684627,0.765924466
0.3936,0.4222,0.4636,0.4634,0.4214,0.1751,0.1354,0.0501,0.0581,0.2202,0.4573,0.5281,0.6095,0.7232,0.7401,0.7422,0.6942,0.5839,0.5549,0.5655,46.9195442199707,3.12299704551697,3.44696092605591,3.16,7.84,0.64
0.5535,0.6165,0.6731,0.6666,0.6101,0.3139,0.2377,0.2506,0.3103,0.4389,0.5712,0.5766,0.5752,0.5741,0.5452,0.5623,0.577,0.5904,0.595,0.5982,44.7945022583008,3.3700065612793,3.99237060546875,2.056886076,5.085327792,0.43016879
0.2731,0.308,0.424,0.4515,0.4029,0.178,0.1295,0.123,0.1773,0.2873,0.4062,0.2724,0.2588,0.5159,0.6262,0.5943,0.5065,0.3511,0.3104,0.3255,39.6716461181641,3.10665822029114,3.49163126945496,1.19,8.96,4.59
0.6148,0.5634,0.5684,0.557,0.5092,0.4109,0.3251,0.6697,0.8126,0.9095,0.9435,0.6999,0.6058,0.831,0.9121,0.9073,0.862,0.7381,0.7055,0.7175,47.9277038574219,3.24910545349121,4.6408314704895,0.69,5.26,2.46
0.2237,0.2392,0.2523,0.2479,0.2378,0.2159,0.1929,0.3413,0.3894,0.3853,0.4221,0.4137,0.4134,0.4558,0.5,0.5589,0.5716,0.5553,0.5503,0.5446,41.0952301025391,2.87707376480103,3.86524367332458,0.7,5.2,2.28
0.5721,0.6252,0.6832,0.698,0.7099,0.6624,0.6363,0.7311,0.6987,0.6254,0.5975,0.5482,0.4992,0.4681,0.4448,0.4739,0.5066,0.5502,0.5623,0.5596,42.47412109,3.46254324913025,5.73875665664673,0.352443459,5.349755982,3.112812534
0.1914,0.2088,0.2548,0.2641,0.2419,0.0814,0.062,0,0,0.0641,0.2164,0.2773,0.3473,0.4421,0.4811,0.4956,0.4372,0.3261,0.2968,0.3045,40.1960487365723,2.88369631767273,3.13192439079285,1.96,5.6,0.5
0.3242,0.3444,0.3546,0.3457,0.3352,0.3043,0.2757,0.4309,0.4801,0.4873,0.5202,0.4917,0.4811,0.5282,0.5784,0.6531,0.69,0.6993,0.7009,0.6925,42.820011138916,3.00124502182007,4.23431921005249,2.47,5.72,0.36
0.3936,0.4001,0.4598,0.468,0.4291,0.2862,0.2265,0.3775,0.4741,0.6005,0.7165,0.704,0.7069,0.7449,0.7336,0.7547,0.72,0.6272,0.6028,0.6107,48.4258575439453,3.13713526725769,4.04551458358765,0.74,6.77,3.54
0.2711,0.3326,0.3958,0.3991,0.3645,0.168,0.1268,0.1112,0.1587,0.2877,0.4448,0.4695,0.4864,0.5026,0.4872,0.501,0.5089,0.516,0.5187,0.5211,42.7968521118164,3.04510021209717,3.46754550933838,2.372755107,6.588971763,0.370255503
0.4391,0.4561,0.4578,0.4464,0.4149,0.2305,0.1723,0.2359,0.3577,0.6169,0.8378,0.8207,0.8213,0.8805,0.8706,0.9007,0.906,0.8595,0.8474,0.8525,51.527587890625,3.11052322387695,3.75027847290039,2.81,7.11,0.94
0.3986,0.4397,0.4884,0.5029,0.5156,0.4938,0.4695,0.5938,0.5995,0.556,0.549,0.5089,0.4665,0.4438,0.4358,0.4789,0.5337,0.6087,0.6291,0.6228,41.7506713867188,3.21402645111084,5.04239082336426,0.784634353,6.057409609,2.745780249
0.252,0.2755,0.3214,0.332,0.3061,0.1463,0.1078,0.1307,0.1804,0.2424,0.3345,0.3424,0.3475,0.357,0.3508,0.3666,0.3774,0.3968,0.4027,0.402,39.2806701660156,2.96678805351257,3.41252326965332,2.645218904,6.948480814,0.789523603
0.5843,0.619,0.6608,0.669,0.6676,0.5726,0.5305,0.6371,0.6485,0.6474,0.6662,0.624,0.5773,0.5374,0.4876,0.497,0.5046,0.5135,0.5169,0.5204,44.3673820495605,3.41509628295898,5.30496978759766,0.908306991,7.045642007,3.39392404
0.457,0.493,0.5125,0.4983,0.4559,0.2459,0.1839,0.2379,0.3411,0.5499,0.7353,0.7478,0.7486,0.7462,0.7078,0.7324,0.7582,0.7747,0.7802,0.7843,49.0570220947266,3.16684699058533,3.79081344604492,3.044010992,8.029153668,0.551958524
0.2318,0.2713,0.3251,0.3346,0.3068,0.1433,0.1065,0.1128,0.1733,0.3052,0.4576,0.4781,0.4918,0.4953,0.45,0.4318,0.4051,0.3731,0.3659,0.3743,42.8547134399414,2.96920013427734,3.39639830589294,3.63012671,10.06907345,1.206444321
0.273,0.305,0.3347,0.3332,0.3078,0.1793,0.139,0.2071,0.2996,0.4616,0.6168,0.6249,0.6231,0.614,0.5673,0.5719,0.5739,0.5698,0.5699,0.576,45.9238243103027,2.96970772743225,3.58987832069397,2.505982155,7.375918746,0.9526057
0.3192,0.3584,0.3769,0.3706,0.3466,0.2005,0.1614,0.2028,0.255,0.3219,0.411,0.4086,0.4001,0.4005,0.3954,0.4232,0.4495,0.4861,0.4965,0.4939,40.4374618530273,3.01719522476196,3.65895485877991,2.381656222,6.946310935,0.734188262
0.2987,0.3394,0.3836,0.3878,0.3557,0.1666,0.1276,0.1116,0.1568,0.2878,0.4518,0.4811,0.502,0.5296,0.5306,0.5611,0.5912,0.6237,0.633,0.6322,43.2744522094727,3.03254842758179,3.46847105026245,3.00039089,7.880345342,0.444329626
0.1184,0.1296,0.1686,0.1839,0.17,0.0665,0.0435,0.067,0.1373,0.2578,0.3986,0.4203,0.4401,0.4636,0.4571,0.4734,0.4809,0.4888,0.4919,0.4944,41.7311897277832,2.78755259513855,3.12816548347473,4.000682871,10.73452044,1.358848263
0.2989,0.3116,0.3423,0.3508,0.3569,0.372,0.36,0.4931,0.5177,0.4968,0.5093,0.4765,0.4413,0.4185,0.3915,0.4046,0.4126,0.4265,0.431,0.432,41.1791229248047,3.01762962341309,4.56674480438232,0.750305683,7.45656281,3.810279583
0.3426,0.3948,0.4548,0.4602,0.4233,0.2341,0.1783,0.2374,0.3202,0.4552,0.5841,0.5837,0.577,0.5538,0.4767,0.442,0.3976,0.3419,0.3285,0.3402,44.6986808776855,3.12341809272766,3.7627158164978,2.826523958,9.465516901,1.56761696
0.3143,0.3097,0.2827,0.2627,0.2373,0.1462,0.0987,0.2565,0.3668,0.4506,0.5234,0.506,0.4843,0.4733,0.4579,0.488,0.515,0.5489,0.5588,0.5584,42.3833045959473,2.88139653205872,3.49038100242615,1.90672311,5.438918252,0.330904529
0.3844,0.4319,0.4865,0.492,0.4518,0.2225,0.1679,0.1682,0.2325,0.3942,0.5657,0.5874,0.6003,0.6078,0.572,0.5773,0.581,0.5777,0.5778,0.5822,45.5428085327148,3.15938019752502,3.66791892051697,3.627949654,9.93817528,0.934606623
0.4091,0.4914,0.5962,0.6135,0.5645,0.2676,0.2062,0.1499,0.1733,0.3008,0.4669,0.4987,0.5228,0.532,0.481,0.4558,0.4225,0.3802,0.3702,0.3801,43.7118759155273,3.30657267570496,3.78864169120789,4.440727644,12.32495115,1.784614277
0.3156,0.3375,0.3882,0.3974,0.3639,0.1847,0.1334,0.182,0.2743,0.4369,0.5897,0.5997,0.6035,0.6053,0.568,0.573,0.5723,0.5638,0.5626,0.5682,45.5351028442383,3.04561853408813,3.55985307693481,2.502786014,7.653109658,0.988271281
0.1696,0.2295,0.2722,0.2734,0.2494,0.1226,0.0896,0.1305,0.2065,0.3277,0.4589,0.4679,0.4699,0.4639,0.4176,0.4016,0.3773,0.3494,0.3432,0.3505,42.192253112793,2.89384579658508,3.34714317321777,3.756010232,9.85825034,0.653086473
0.2493,0.2804,0.2979,0.2924,0.2752,0.1664,0.1336,0.1998,0.2423,0.2474,0.2897,0.2821,0.2721,0.275,0.2842,0.3162,0.3534,0.4137,0.4302,0.424,37.2870445251465,2.92297554016113,3.55187916755676,1.734359942,5.644056192,0.38301331
0.1257,0.1577,0.2121,0.23,0.2131,0.0851,0.0636,0.0511,0.0902,0.1833,0.3235,0.3546,0.3811,0.4101,0.4062,0.4157,0.4164,0.4199,0.4216,0.4238,40.3485145568848,2.84362697601318,3.18184018135071,4.569042239,11.86130031,1.493310791
0.4889,0.5573,0.595,0.5811,0.535,0.2722,0.2135,0.1883,0.2223,0.3384,0.484,0.5035,0.5128,0.5224,0.5041,0.5211,0.5329,0.5417,0.5448,0.5463,43.3592300415039,3.26746249198914,3.84400916099548,2.927277019,7.656806511,0.553416773
0.4654,0.4439,0.4532,0.4419,0.4187,0.3618,0.3166,0.517,0.578,0.5914,0.6185,0.5722,0.5535,0.5936,0.6131,0.6588,0.6452,0.5829,0.566,0.5668,44.6175079345703,3.11631274223328,4.45937299728394,0.51,4.07,2.02
0.1493,0.1802,0.2245,0.2383,0.252,0.2684,0.2797,0.3132,0.2575,0.0949,0.0423,0.0258,0.0115,0.0021,0,0,0,0.0306,0.0393,0.0344,30.8039836883545,2.87712454795837,4.11676454544067,0.407750332,3.751860135,1.680591901
0.819,0.7854,0.6878,0.6424,0.5998,0.3865,0.2891,0.495,0.6469,0.8566,1,0.9759,0.9451,0.9302,0.899,0.9603,1,1,1,1,53.6697158813477,3.3534722328186,4.39314937591553,0.68,5.2,2.42
0.1566,0.1984,0.2698,0.2941,0.2733,0.1137,0.0879,0.0513,0.0825,0.2038,0.3755,0.4181,0.4557,0.4865,0.4641,0.4574,0.446,0.432,0.4294,0.4355,42.2627449035645,2.92183756828308,3.27056527137756,6.063669102,16.06901907,1.814068231
0.2762,0.2885,0.3197,0.3236,0.3064,0.2481,0.2214,0.3414,0.3749,0.3687,0.4099,0.408,0.4133,0.4557,0.4959,0.5502,0.5523,0.5218,0.5135,0.5111,41.1048774719238,2.96894240379333,3.96721243858337,0.54,6.76,3.62
0.6264,0.7152,0.8417,0.8815,0.9197,0.8635,0.845,0.8634,0.7762,0.6639,0.6138,0.5595,0.5056,0.4765,0.4601,0.4956,0.5297,0.572,0.5838,0.5807,42.617748260498,3.71035814285278,6.57396364212036,0.302375809,3.864044345,2.524061943
0.286,0.3237,0.3882,0.4034,0.3726,0.1816,0.1326,0.1566,0.2294,0.3596,0.4943,0.5035,0.5074,0.513,0.4981,0.5244,0.5551,0.5946,0.6061,0.6059,43.1914215087891,3.05405807495117,3.53141307830811,3.150868602,8.553554809,0.83854349
0.2255,0.2445,0.2847,0.2927,0.2923,0.2836,0.2746,0.3688,0.3621,0.2749,0.2594,0.2387,0.2205,0.2267,0.2433,0.2729,0.2973,0.3391,0.3505,0.3445,36.0125007629395,2.93788456916809,4.16224527359009,0.621757773,5.536305145,2.653080559
0.4446,0.4403,0.5012,0.506,0.4581,0.2707,0.2112,0.305,0.381,0.4867,0.5947,0.5051,0.4863,0.6225,0.6428,0.6113,0.5196,0.3547,0.3112,0.3257,44.1255683898926,3.17803764343262,3.93245697021484,0.67,5.86,2.93
0.3409,0.3784,0.4192,0.4218,0.3877,0.1962,0.1374,0.1966,0.3272,0.5981,0.8293,0.8521,0.8758,0.9199,0.9127,0.9621,0.9809,0.9478,0.939,0.9414,52.6675300598145,3.07727122306824,3.59676671028137,4,9.85,0.81
0.5631,0.5982,0.6484,0.6625,0.68,0.6602,0.6313,0.7723,0.7716,0.7458,0.7441,0.6922,0.6387,0.6138,0.5955,0.6387,0.6807,0.7244,0.7366,0.7351,45.9294815063477,3.42162990570068,5.75782775878906,0.581381085,5.260782078,2.476593439
0.2855,0.3321,0.3851,0.3903,0.3583,0.1698,0.127,0.1293,0.1803,0.2834,0.4113,0.4258,0.4337,0.445,0.441,0.4693,0.4995,0.541,0.5527,0.5508,41.4215431213379,3.03616547584534,3.48339772224426,2.792487614,7.507510456,0.389632873
0.6299,0.6396,0.6179,0.592,0.5511,0.335,0.2512,0.3888,0.5274,0.7358,0.877,0.7667,0.7124,0.7808,0.7554,0.7451,0.7132,0.6309,0.6097,0.62,49.0236511230469,3.29001617431641,4.1680383682251,2.13,5.9,0.82
0.2761,0.3243,0.3691,0.3709,0.3387,0.1571,0.123,0.095,0.137,0.29,0.48,0.5177,0.5433,0.5732,0.5789,0.6209,0.6667,0.7185,0.7331,0.7315,44.3163795471191,3.01192116737366,3.43724703788757,2.816445004,8.519225928,0.777926999
0.1429,0.176,0.2186,0.2278,0.2076,0.0928,0.0668,0.092,0.1613,0.2952,0.4499,0.473,0.489,0.5058,0.4938,0.5136,0.532,0.5538,0.5604,0.5614,42.8725128173828,2.83870077133179,3.23160648345947,3.885275228,10.27636498,1.182802817
0.3527,0.3968,0.4522,0.4561,0.44,0.3324,0.3111,0.3283,0.302,0.2271,0.2277,0.2161,0.2056,0.2113,0.2206,0.2401,0.2474,0.2679,0.2737,0.2703,35.6766357421875,3.1329653263092,4.26592302322388,0.586956319,6.418176996,3.464601336
0.4203,0.3989,0.407,0.4067,0.387,0.3474,0.32,0.4704,0.4959,0.4735,0.4954,0.4788,0.4694,0.4882,0.4987,0.5348,0.5177,0.465,0.4511,0.4529,42.2749977111816,3.07485961914063,4.41738080978394,0.33,6.15,3.3
0.4847,0.4904,0.5096,0.5035,0.4589,0.215,0.1539,0.156,0.2534,0.5362,0.8031,0.7722,0.8006,0.9695,1,1,0.9656,0.8547,0.8258,0.8393,52.2131958007813,3.17293381690979,3.62247514724731,3.16,7.36,0.63
0.3378,0.3568,0.3886,0.386,0.3522,0.1558,0.1169,0.0919,0.1289,0.2442,0.4023,0.441,0.4844,0.5479,0.5654,0.5852,0.5378,0.4377,0.4114,0.4194,43.2132987976074,3.03074193000793,3.41638875007629,1.92,5.18,0.69
0.4412,0.5015,0.5729,0.5871,0.5856,0.4909,0.4569,0.5306,0.5296,0.5067,0.5216,0.4921,0.4602,0.4376,0.4043,0.4102,0.411,0.4139,0.4154,0.4172,41.6549072265625,3.30953979492188,4.95371532440186,1.130786614,6.765450936,3.036876478
0.1681,0.191,0.2418,0.2586,0.2374,0.0952,0.0691,0.0561,0.1054,0.2303,0.3893,0.421,0.4485,0.4806,0.4884,0.5216,0.5602,0.6089,0.6225,0.6199,42.016357421875,2.87660050392151,3.21051979064941,3.216733282,8.750217519,0.721370568
0.2234,0.2763,0.2951,0.2864,0.269,0.1694,0.138,0.2143,0.2523,0.2359,0.2614,0.2446,0.2277,0.2203,0.2086,0.2155,0.2241,0.2523,0.2605,0.2581,36.1394462585449,2.91504669189453,3.57521414756775,2.19128707,6.244863307,0.671076885
0.4993,0.5563,0.5679,0.542,0.4983,0.2749,0.2054,0.2786,0.3667,0.5119,0.6471,0.6521,0.6572,0.6943,0.7147,0.7706,0.7735,0.7313,0.7201,0.7219,47.0708198547363,3.22248005867004,3.90140128135681,1.73,4.1,0.31
0.4563,0.5267,0.5456,0.5254,0.4891,0.307,0.2381,0.3644,0.4607,0.5587,0.6345,0.6077,0.5739,0.5412,0.4931,0.5015,0.5071,0.5125,0.515,0.5186,44.3900756835938,3.20626020431519,4.08189249038696,2.25711066,5.976495607,0.597254995
0.7111,0.7418,0.7138,0.6699,0.6128,0.3588,0.2658,0.3984,0.5394,0.7965,0.9962,1,1,1,0.9327,0.94,0.8916,0.7648,0.7316,0.7459,55.3100128173828,3.37757039070129,4.23447847366333,1.1,3.34,0.28
0.6544,0.6813,0.615,0.5749,0.5536,0.4306,0.3488,0.6049,0.7225,0.7997,0.8362,0.7804,0.7166,0.6571,0.5914,0.6079,0.6268,0.644,0.6497,0.6533,47.5795478820801,3.28190445899963,4.67304849624634,1.150952412,3.587660034,0.394931577
0.1427,0.1746,0.2305,0.2491,0.2294,0.101,0.0711,0.0917,0.172,0.3495,0.5378,0.5699,0.5963,0.6255,0.6169,0.6446,0.6692,0.6892,0.6955,0.6981,45.6452255249023,2.86615300178528,3.25158023834229,4.073720252,10.74465148,1.511421548
0.5175,0.5861,0.5805,0.5407,0.4964,0.2859,0.2221,0.2948,0.3478,0.3768,0.4191,0.3979,0.3728,0.353,0.3353,0.3582,0.3863,0.4302,0.4425,0.4386,39.556526184082,3.21827840805054,3.96070218086243,1.601056466,4.281801046,0.237828746
0.1892,0.2304,0.2831,0.2956,0.2745,0.124,0.0992,0.0708,0.0904,0.1583,0.2852,0.3145,0.3373,0.3504,0.3159,0.2886,0.2438,0.1937,0.1816,0.19,39.152099609375,2.92324614524841,3.32400345802307,3.892156139,12.79151737,1.090966398
0,0,0,0,0,0,0,0.0743,0.0971,0.0197,0.0192,0.0195,0.0198,0.0252,0.0438,0.0675,0.107,0.1902,0.2127,0.2026,31.1661605834961,2.56467342376709,2.95355892181396,1.907885411,5.265558027,0.30699662
0.169,0.2079,0.224,0.2175,0.1989,0.1239,0.0878,0.2145,0.322,0.4257,0.5174,0.5063,0.4896,0.4794,0.4653,0.4998,0.5439,0.6012,0.6169,0.6124,42.5371971130371,2.8282482624054,3.41019988059998,2.773154052,7.467883618,0.501464809
0.4836,0.5435,0.615,0.6175,0.5842,0.4004,0.3529,0.3846,0.4005,0.4411,0.5141,0.5065,0.4939,0.4853,0.4574,0.4688,0.4771,0.4874,0.491,0.4932,42.6723861694336,3.32576656341553,4.48055028915405,1.516357159,12.08339211,6.645369673
0.3063,0.3575,0.416,0.4233,0.4232,0.3535,0.346,0.3439,0.2869,0.1508,0.111,0.086,0.0666,0.0588,0.0435,0.0271,0.0031,0,0,0,32.1938858032227,3.10115838050842,4.38973808288574,0.705143394,5.246587439,2.801277286
0.4265,0.4692,0.4953,0.4863,0.4452,0.2258,0.1709,0.1818,0.254,0.4199,0.5864,0.6013,0.6051,0.6143,0.6083,0.6532,0.7032,0.7573,0.7723,0.7698,45.5886154174805,3.1518759727478,3.69265556335449,3.223297099,7.977883612,0.601790027
0.2305,0.2239,0.2729,0.2992,0.2895,0.2242,0.1913,0.3206,0.3848,0.4309,0.4943,0.4691,0.4708,0.5314,0.5641,0.6051,0.5951,0.5457,0.5326,0.5341,42.7969093322754,2.94206643104553,3.85234975814819,0.83,7.14,3.84
0.2745,0.3325,0.3907,0.3979,0.3668,0.1864,0.1421,0.1645,0.2247,0.3311,0.4522,0.4601,0.4627,0.4465,0.3741,0.3286,0.2671,0.1937,0.1757,0.1885,41.9643592834473,3.04711604118347,3.56430387496948,3.316563015,9.954111165,1.45306527
0.1309,0.1518,0.1747,0.1781,0.1673,0.0903,0.0697,0.1246,0.1615,0.1404,0.1684,0.1614,0.1514,0.1423,0.1402,0.1581,0.1888,0.2561,0.2746,0.2683,34.2624282836914,2.78238987922668,3.25810790061951,1.303013152,3.974820607,0.358180175
0.3007,0.3474,0.3727,0.3639,0.3398,0.2119,0.1684,0.2545,0.3187,0.3735,0.4436,0.4334,0.4195,0.4176,0.4091,0.4335,0.4549,0.4861,0.495,0.4939,40.8791046142578,3.00936675071716,3.7289559841156,2.369972886,6.654596716,0.794286243
0.6786,0.7606,0.8807,0.9289,0.9943,1,1,1,0.8699,0.7213,0.6563,0.5975,0.5414,0.5305,0.5464,0.6133,0.6793,0.7545,0.7745,0.7665,43.6033248901367,3.79004955291748,7.2162299156189,0.220211376,2.303982189,1.136280944
0.3648,0.3918,0.4379,0.4528,0.471,0.5166,0.5143,0.6357,0.632,0.5879,0.5837,0.5438,0.5028,0.4875,0.4849,0.5309,0.5822,0.6473,0.665,0.6594,42.6996994018555,3.15664601325989,5.21692371368408,0.495549552,6.558157519,3.577819989
0.3647,0.3925,0.4314,0.4392,0.4464,0.4364,0.4122,0.5603,0.5841,0.5575,0.5608,0.5235,0.4847,0.4728,0.4798,0.5368,0.6028,0.6863,0.7088,0.7007,42.2823295593262,3.13014888763428,4.81336259841919,0.926906654,6.90992779,3.141148388
0.2196,0.2547,0.2959,0.3019,0.2785,0.1428,0.1054,0.1516,0.236,0.3795,0.5236,0.532,0.5344,0.5133,0.4223,0.363,0.2914,0.2061,0.1852,0.2015,43.7214050292969,2.93092894554138,3.42433047294617,3.731246651,9.956414716,1.226309594
0.4537,0.4339,0.4781,0.4809,0.4371,0.3039,0.2431,0.4242,0.5087,0.5734,0.6343,0.5307,0.5008,0.6328,0.6815,0.6917,0.647,0.5412,0.5131,0.5208,44.3376045227051,3.1515109539032,4.1368613243103,0.53,5.55,2.79
0.1516,0.1838,0.2198,0.2286,0.2127,0.0907,0.0724,0.0571,0.0739,0.0958,0.1822,0.2029,0.2194,0.2265,0.2024,0.1844,0.157,0.1413,0.1384,0.1433,36.1869812011719,2.84199333190918,3.21117639541626,3.150143409,7.902044521,0.48412972
0.1649,0.1781,0.222,0.2382,0.2195,0.096,0.0659,0.094,0.175,0.3271,0.489,0.5097,0.5238,0.539,0.5238,0.5456,0.5685,0.5954,0.6035,0.6049,43.7223472595215,2.85319018363953,3.23493432998657,3.005381295,8.298245489,1.023547679
0.7374,0.7858,0.8256,0.8183,0.7911,0.5589,0.4754,0.5796,0.6467,0.7649,0.8568,0.8126,0.7797,0.7938,0.7873,0.8381,0.8567,0.8406,0.8367,0.8399,49.8808555603027,3.58618521690369,5.10284996032715,1,7.14,3.48
0.2507,0.2719,0.3198,0.3341,0.3361,0.3495,0.3418,0.457,0.479,0.4626,0.4832,0.4584,0.4323,0.426,0.4244,0.4607,0.5001,0.5537,0.5684,0.5641,41.0980949401855,2.99397611618042,4.47121858596802,0.772122807,10.30317125,5.739601852
0.531,0.5807,0.6458,0.668,0.6969,0.701,0.6866,0.7855,0.7424,0.6535,0.6158,0.5594,0.5043,0.476,0.4589,0.494,0.5319,0.581,0.5945,0.5907,42.6133918762207,3.43576908111572,5.95264387130737,0.455956799,4.221199384,2.18644952
0.2064,0.2188,0.2398,0.2389,0.2186,0.089,0.0652,0.063,0.105,0.1974,0.3374,0.3733,0.4148,0.4853,0.5235,0.5608,0.5401,0.4748,0.4573,0.4587,41.5330696105957,2.85383439064026,3.19944500923157,2.37,6.16,0.52
1,1,1,1,1,0.8611,0.783,0.9832,1,1,0.992,0.9163,0.8338,0.7615,0.6905,0.7175,0.7538,0.7899,0.8003,0.8022,50.2868461608887,3.83933424949646,6.49515342712402,0.827604689,6.565954596,3.00756585
0.1168,0.1423,0.1848,0.1976,0.1809,0.0718,0.0499,0.0616,0.1258,0.2491,0.3981,0.4218,0.4395,0.4636,0.4649,0.4916,0.5177,0.5511,0.5606,0.5593,41.705810546875,2.80257058143616,3.14556932449341,3.043653096,8.385442423,0.464799445
0.4085,0.4425,0.4993,0.5043,0.4776,0.342,0.299,0.3763,0.4194,0.4878,0.5752,0.5676,0.5545,0.55,0.5299,0.5542,0.5758,0.5974,0.6039,0.6048,44.1771583557129,3.18781518936157,4.28293228149414,1.729995468,12.16623819,6.093780873
0.1445,0.1865,0.2522,0.272,0.2507,0.1022,0.0793,0.048,0.0743,0.1898,0.3653,0.4142,0.4556,0.501,0.5074,0.5277,0.542,0.5546,0.5586,0.5595,42.3445816040039,2.89357614517212,3.23439025878906,4.147154431,10.83234867,1.440753426
0.6354,0.6799,0.6816,0.6585,0.6153,0.3588,0.2855,0.3258,0.3907,0.5155,0.6361,0.6299,0.6132,0.5962,0.5589,0.5776,0.5993,0.6236,0.6309,0.6326,45.5413208007813,3.36919355392456,4.22190093994141,1.847901076,5.579473607,0.504877844
0.3503,0.401,0.4565,0.4589,0.4216,0.1997,0.1603,0.1112,0.1099,0.1613,0.2834,0.3181,0.3476,0.3773,0.3718,0.3747,0.3678,0.3616,0.3609,0.3636,39.5277328491211,3.11905384063721,3.57663464546204,2.896561155,7.55853435,0.838350057
0.5083,0.4747,0.5163,0.516,0.4691,0.3337,0.2613,0.4922,0.6068,0.6891,0.7284,0.5081,0.4392,0.6849,0.7787,0.757,0.6978,0.5719,0.5389,0.5518,44.0514068603516,3.19513320922852,4.26519346237183,0.56,5.97,3.15
